-- phpMyAdmin SQL Dump
-- version 4.6.2
-- https://www.phpmyadmin.net/
--
-- Host: 10.59.216.87:5807
-- Generation Time: 2017-05-28 18:46:44
-- 服务器版本： 5.6.28-cdb20160902-log
-- PHP Version: 5.6.22

SET SQL_MODE = "NO_AUTO_VALUE_ON_ZERO";


/*!40101 SET @OLD_CHARACTER_SET_CLIENT=@@CHARACTER_SET_CLIENT */;
/*!40101 SET @OLD_CHARACTER_SET_RESULTS=@@CHARACTER_SET_RESULTS */;
/*!40101 SET @OLD_COLLATION_CONNECTION=@@COLLATION_CONNECTION */;
/*!40101 SET NAMES utf8mb4 */;

--
-- Database: `yii_qiye`
--

-- --------------------------------------------------------

--
-- 表的结构 `customer`
--

CREATE TABLE `customer` (
  `customer_id` int(11) NOT NULL,
  `customer_name` varchar(50) DEFAULT NULL
) ENGINE=InnoDB DEFAULT CHARSET=utf8;

--
-- 转存表中的数据 `customer`
--

INSERT INTO `customer` (`customer_id`, `customer_name`) VALUES
(0, '陈戈'),
(1, '程德虎'),
(2, '邓瑞康'),
(3, '董和鑫'),
(4, '高业钦'),
(5, '马志'),
(6, '陆艳粗'),
(7, '麻鑫'),
(8, '马丁丁'),
(9, '刘嘉洋'),
(10, '李依哲'),
(11, '静昱锋'),
(12, '左学刚'),
(13, '李思昊'),
(14, '王冰蕊'),
(15, '王小雪'),
(16, '王峥'),
(17, '蒋燕'),
(18, '张旭'),
(19, '张睿');

-- --------------------------------------------------------

--
-- 表的结构 `department`
--

CREATE TABLE `department` (
  `department_id` int(11) NOT NULL,
  `department_name` varchar(50) DEFAULT NULL,
  `description` varchar(50) DEFAULT NULL
) ENGINE=InnoDB DEFAULT CHARSET=utf8;

--
-- 转存表中的数据 `department`
--

INSERT INTO `department` (`department_id`, `department_name`, `description`) VALUES
(0, '销售部', '销售部是以产品销售为主要工作的部门。 负责总体的营销活动，决定公司的营销策略和措施，并对营销工作进行'),
(1, '采购部', '供应商的评审、物料的及时采购、跟单员工作的安排与考核、与供应商对帐，并对分管的工作承担责任。 每日应'),
(2, '后勤保障部', '后勤保障部以仓库管理为核心业务，负责入库单，出库单，领料单等的收集统计管理。负责仓库物资的验收、保管'),
(3, '人力资源部', '参与编制公司中长期发展规划，为公司提供人力资源支撑。负责组织公司更像规章制度的起草制定，负责编制公司'),
(4, '推广宣传部', '负责制定公司的宣传工作计划和年度总结。统筹管理公司宣传文化舆论阵地的管理工作。要用正确的舆论为公司营'),
(5, '第一生产车间', '一号生产线，负责生产：'),
(6, '第二生产车间', '二号生产线，负责生产：'),
(7, '第三生产车间', '三号生产线，负责生产：'),
(8, '第四生产车间', '四号生产线，负责生产：');

-- --------------------------------------------------------

--
-- 表的结构 `employee`
--

CREATE TABLE `employee` (
  `employee_id` int(11) NOT NULL,
  `department_id` int(11) DEFAULT NULL,
  `warehouse_id` int(11) DEFAULT NULL,
  `employee_name` varchar(50) DEFAULT NULL,
  `sex` varchar(5) DEFAULT NULL,
  `job_name` varchar(50) DEFAULT NULL,
  `email` varchar(50) DEFAULT NULL,
  `address` varchar(50) DEFAULT NULL,
  `join_time` int(11) DEFAULT NULL
) ENGINE=InnoDB DEFAULT CHARSET=utf8;

--
-- 转存表中的数据 `employee`
--

INSERT INTO `employee` (`employee_id`, `department_id`, `warehouse_id`, `employee_name`, `sex`, `job_name`, `email`, `address`, `join_time`) VALUES
(0, 1, 0, '王佳颉', '男', '采购经理', 'wjj1412641@163.com', 'NKU Campus 5D 522  ', 20160101),
(1, 5, 1, '李志伟', '男', '一车间经理', 'lzw1412616@163.com', 'NKU Campus 5D 522  ', 20160101),
(2, 6, 2, '刘天龙', '男', '二车间经理', 'ltl1412622@163.com', 'NKU Campus 5D 514', 20160101),
(3, 7, 2, '刘帆', '男', '三车间经理', 'lf1412618@163.com', 'NKU Campus 5D 514', 20160101),
(4, 8, 2, '许宏业', '男', '四车间经理', 'xhy14126@163.com', 'NKU Campus 5D 522  ', 20160101),
(5, 4, 1, '石宇', '女', '推广宣传部经理', 'sy14126xx@163.com', 'NKU Campus 5B 220', 20160101),
(6, 7, 0, '王錡波', '女', '销售部经理', 'wqb1412695@163.com', 'NKU Campus 5B 221', 20160101),
(7, 3, 1, '刘嘉欣', '女', '人力资源经理', 'ljx1412686@163.com', 'NKU Campus 5B 222', 20160101),
(8, 2, 2, '郭冬爽', '女', '后勤部经理', 'gds1412675@163.com', 'NKU Campus 5B 223', 20160101),
(9, 2, 0, '许冲', '男', '仓库经理', 'xc1410827@163.com', 'NKU Campus 5B 224', 20160101);

-- --------------------------------------------------------

--
-- 表的结构 `material`
--

CREATE TABLE `material` (
  `material_id` int(11) NOT NULL,
  `material_category_id` int(11) DEFAULT NULL,
  `material_name` varchar(50) DEFAULT NULL,
  `material_min` int(11) DEFAULT NULL
) ENGINE=InnoDB DEFAULT CHARSET=utf8;

--
-- 转存表中的数据 `material`
--

INSERT INTO `material` (`material_id`, `material_category_id`, `material_name`, `material_min`) VALUES
(0, 0, '码盘毛料', 1000),
(1, 1, '不锈钢304', 2000),
(2, 2, '金属引线', 4300),
(3, 3, '化学蚀刻剂50-2', 5000),
(4, 1, '不锈钢块42-1', 2000),
(5, 4, '焊接剂34-1', 2000),
(6, 8, '防水密封润滑脂542', 1000),
(7, 1, '不锈钢6K、8K镜面管', 1000),
(8, 8, '全氟聚醚高温润滑脂', 1000),
(9, 1, '内抛光不锈钢管 | 内整平不锈钢管', 500),
(10, 4, '高温铜基抗咬合剂', 550),
(11, 6, '晶体管30-4', 2500),
(12, 2, '钢丝30-1', 4000),
(13, 2, '海绵钛', 1500),
(14, 2, '铝合金213', 2000),
(15, 2, '金属网', 500),
(16, 7, '标记笔', 3000),
(17, 7, '5000目砂纸', 500),
(18, 6, '单晶硅2005', 250),
(19, 5, '冷却剂404', 5000),
(20, 1, '不锈钢轴承', 200),
(21, 10, '塑料托架', 3000),
(22, 10, '橡胶电刷', 5000),
(23, 9, '金属导线', 9000),
(24, 13, '凸极式硅钢转子', 550),
(25, 13, '半导体转子', 650),
(26, 11, '轭铁', 800),
(27, 11, '硅钢', 900),
(28, 10, '云母', 100),
(29, 10, '玻璃纤维', 850),
(30, 9, '珐琅线', 1000),
(31, 12, '永久磁铁', 1150),
(33, 2, 'asd', 100);

-- --------------------------------------------------------

--
-- 表的结构 `material_category`
--

CREATE TABLE `material_category` (
  `material_category_id` int(11) NOT NULL,
  `material_category_name` varchar(50) DEFAULT NULL
) ENGINE=InnoDB DEFAULT CHARSET=utf8;

--
-- 转存表中的数据 `material_category`
--

INSERT INTO `material_category` (`material_category_id`, `material_category_name`) VALUES
(0, '光电码盘'),
(1, '不锈钢'),
(2, '纯金属'),
(3, '化学药剂'),
(4, '催化剂'),
(5, '冷却剂'),
(6, '单晶硅'),
(7, '纸笔用料'),
(8, '润滑脂'),
(9, '电线'),
(10, '绝缘体'),
(11, '铁芯'),
(12, '永久磁铁'),
(13, '转子'),
(33, 'ss');

-- --------------------------------------------------------

--
-- 表的结构 `material_category_key`
--

CREATE TABLE `material_category_key` (
  `material_category_id` int(11) NOT NULL,
  `mat_material_category_id` int(11) NOT NULL
) ENGINE=InnoDB DEFAULT CHARSET=utf8;

--
-- 转存表中的数据 `material_category_key`
--

INSERT INTO `material_category_key` (`material_category_id`, `mat_material_category_id`) VALUES
(7, 6),
(8, 1),
(9, 2),
(10, 1),
(11, 2),
(12, 5),
(13, 3),
(14, 3),
(15, 4),
(16, 6),
(17, 6),
(18, 6),
(19, 4);

-- --------------------------------------------------------

--
-- 表的结构 `material_supplier`
--

CREATE TABLE `material_supplier` (
  `supplier_id` int(11) NOT NULL,
  `material_id` int(11) NOT NULL
) ENGINE=InnoDB DEFAULT CHARSET=utf8;

--
-- 转存表中的数据 `material_supplier`
--

INSERT INTO `material_supplier` (`supplier_id`, `material_id`) VALUES
(2, 0),
(17, 1),
(16, 2),
(1, 3),
(7, 4),
(6, 5),
(19, 6),
(9, 7),
(13, 8),
(3, 9),
(15, 10),
(10, 11),
(0, 12),
(4, 13),
(14, 14),
(8, 15),
(18, 16),
(5, 17),
(11, 18),
(12, 19);

-- --------------------------------------------------------

--
-- 表的结构 `material_warehouse_in`
--

CREATE TABLE `material_warehouse_in` (
  `warehouse_id` int(11) NOT NULL,
  `material_id` int(11) NOT NULL,
  `material_in_orderid` int(11) NOT NULL,
  `material_in_count` int(11) DEFAULT NULL
) ENGINE=InnoDB DEFAULT CHARSET=utf8;

--
-- 转存表中的数据 `material_warehouse_in`
--

INSERT INTO `material_warehouse_in` (`warehouse_id`, `material_id`, `material_in_orderid`, `material_in_count`) VALUES
(0, 0, 39, 20),
(0, 1, 28, 2),
(0, 1, 39, 10),
(0, 3, 28, 0),
(1, 0, 29, 1),
(1, 0, 33, 5),
(1, 0, 44, 2),
(1, 0, 53, 1),
(1, 1, 29, 2),
(1, 1, 33, 33),
(1, 1, 54, 4),
(1, 2, 44, 4),
(1, 3, 29, 0),
(1, 4, 54, 7),
(2, 0, 30, 2),
(2, 0, 31, 1),
(2, 0, 32, 1),
(2, 1, 51, 2),
(2, 1, 52, 3),
(2, 2, 30, 4),
(2, 4, 52, 5),
(2, 24, 51, 42);

-- --------------------------------------------------------

--
-- 表的结构 `material_warehouse_in_order`
--

CREATE TABLE `material_warehouse_in_order` (
  `material_in_orderid` int(11) NOT NULL,
  `employee_id` int(11) DEFAULT NULL,
  `material_in_ordertime` int(11) DEFAULT NULL,
  `material_in_orderremark` varchar(50) DEFAULT NULL
) ENGINE=InnoDB DEFAULT CHARSET=utf8;

--
-- 转存表中的数据 `material_warehouse_in_order`
--

INSERT INTO `material_warehouse_in_order` (`material_in_orderid`, `employee_id`, `material_in_ordertime`, `material_in_orderremark`) VALUES
(27, 1, 1495509805, '加急'),
(28, 0, 1495629118, '老客户'),
(29, 0, 1495629129, '7天交付50%，半款结算'),
(30, 1, 1495629744, '跨国合作'),
(31, 1, 1495630525, '无备注'),
(32, 1, 1495630782, '乙方拒绝与王佳颉合作，切忌'),
(33, 0, 1495707927, '无备注'),
(34, 0, 1495802399, '143333'),
(35, 0, 1495802405, '143333'),
(36, NULL, 1495802417, NULL),
(37, NULL, 1495802484, NULL),
(38, NULL, 1495802528, NULL),
(39, 2, 1495802611, '213'),
(40, 1, 1495804438, 'test'),
(41, 1, 1495804441, 'test'),
(42, 1, 1495804894, 'test'),
(43, NULL, 1495804903, NULL),
(44, 1, 1495804943, 'test1'),
(45, 2, 1495811172, 'test'),
(46, NULL, 1495811217, NULL),
(47, 2, 1495811479, 'test'),
(48, 2, 1495811481, 'test'),
(49, 2, 1495811488, 'test'),
(50, 2, 1495811524, 'test'),
(51, 1, 1495811937, 'test'),
(52, 2, 1495820639, 'test2'),
(53, 1, 1495857287, '1'),
(54, 2, 1495869995, 'test');

-- --------------------------------------------------------

--
-- 表的结构 `material_warehouse_out`
--

CREATE TABLE `material_warehouse_out` (
  `material_out_orderid` int(11) NOT NULL,
  `warehouse_id` int(11) NOT NULL,
  `material_id` int(11) NOT NULL,
  `material_out_count` int(11) DEFAULT NULL
) ENGINE=InnoDB DEFAULT CHARSET=utf8;

--
-- 转存表中的数据 `material_warehouse_out`
--

INSERT INTO `material_warehouse_out` (`material_out_orderid`, `warehouse_id`, `material_id`, `material_out_count`) VALUES
(1, 1, 1, 3000),
(20, 1, 10, 1),
(105, 0, 2, 15),
(105, 0, 12, 15),
(105, 1, 5, 10),
(105, 1, 10, 5),
(105, 1, 17, 5),
(106, 0, 0, 9),
(106, 1, 1, 3),
(106, 1, 3, 6),
(106, 2, 16, 3),
(107, 2, 9, 12),
(108, 0, 2, 15),
(108, 0, 12, 15),
(108, 1, 5, 10),
(108, 1, 10, 5),
(108, 1, 17, 5),
(109, 0, 0, 9),
(109, 1, 1, 3),
(109, 1, 3, 6),
(109, 2, 16, 3),
(110, 2, 9, 12),
(111, 2, 9, 12),
(112, 2, 9, 12),
(113, 2, 9, 12),
(114, 2, 9, 12),
(115, 2, 9, 12),
(116, 2, 9, 12),
(117, 2, 9, 12),
(118, 2, 9, 12),
(119, 1, 5, 4),
(120, 0, 2, 15),
(120, 0, 12, 15),
(120, 1, 5, 10),
(120, 1, 10, 5),
(120, 1, 17, 5),
(122, 0, 0, 9),
(127, 1, 1, 3),
(127, 1, 3, 6),
(128, 2, 16, 3),
(130, 0, 0, 6),
(130, 1, 1, 18),
(131, 1, 3, 6),
(147, 0, 2, 15),
(147, 0, 12, 15),
(147, 1, 5, 10),
(147, 1, 10, 5),
(147, 1, 17, 5),
(194, 0, 1, 18),
(194, 1, 0, 6),
(194, 1, 3, 6),
(204, 0, 2, 15),
(204, 0, 12, 15),
(204, 1, 5, 10),
(204, 1, 10, 5),
(204, 1, 17, 5),
(248, 0, 1, 18),
(248, 1, 0, 6),
(248, 1, 3, 6),
(249, 0, 1, 3),
(249, 1, 0, 9),
(249, 1, 3, 6),
(249, 2, 16, 3),
(261, 0, 1, 3),
(261, 1, 0, 9),
(261, 1, 3, 6),
(261, 2, 16, 3),
(267, 0, 2, 15),
(267, 0, 12, 15),
(267, 1, 5, 10),
(267, 1, 10, 5),
(267, 1, 17, 5),
(269, 0, 2, 30),
(269, 1, 3, 20),
(269, 1, 5, 10);

-- --------------------------------------------------------

--
-- 表的结构 `material_warehouse_out_order`
--

CREATE TABLE `material_warehouse_out_order` (
  `material_out_orderid` int(11) NOT NULL,
  `employee_id` int(11) DEFAULT NULL,
  `process_id` int(11) DEFAULT NULL,
  `material_out_ordertime` int(11) DEFAULT NULL,
  `material_out_orderstate` int(11) DEFAULT NULL,
  `material_out_orderremark` varchar(50) DEFAULT NULL
) ENGINE=InnoDB DEFAULT CHARSET=utf8;

--
-- 转存表中的数据 `material_warehouse_out_order`
--

INSERT INTO `material_warehouse_out_order` (`material_out_orderid`, `employee_id`, `process_id`, `material_out_ordertime`, `material_out_orderstate`, `material_out_orderremark`) VALUES
(1, 1, 1, 1, 1, NULL),
(20, 1, 1, 1495732733, NULL, '1'),
(105, 4, 1, 1495769420, NULL, '213'),
(106, 5, 2, 1495769486, NULL, '134'),
(107, 1, 0, 1495786073, NULL, 'testarea'),
(108, 2, 1, 1495786406, NULL, 'testarea'),
(109, 4, 2, 1495786621, NULL, 'test4'),
(110, 4, 0, 1495796844, NULL, '1234342'),
(111, 5, 0, 1495797506, NULL, '1324'),
(112, 5, 0, 1495797559, NULL, '1324'),
(113, 5, 0, 1495797582, NULL, '1324'),
(114, 5, 0, 1495797784, NULL, '1324'),
(115, 5, 0, 1495797834, NULL, '1324'),
(116, 5, 0, 1495797856, NULL, '1324'),
(117, 5, 0, 1495797948, NULL, '1324'),
(118, 5, 0, 1495798206, NULL, '1324'),
(119, 3, 7, 1495798521, NULL, '33123'),
(120, 6, 1, 1495799504, NULL, '2133'),
(121, 2, 2, 1495799648, NULL, '12414'),
(122, 6, 2, 1495799772, NULL, '2354'),
(123, 2, 2, 1495799951, NULL, '132'),
(124, 2, 2, 1495799956, NULL, '132'),
(125, 2, 2, 1495799956, NULL, '132'),
(126, 2, 2, 1495799957, NULL, '132'),
(127, 3, 2, 1495800134, NULL, '13'),
(128, 3, 2, 1495800140, NULL, '13'),
(129, 3, 2, 1495800141, NULL, '13'),
(130, 4, 3, 1495800392, NULL, '1243'),
(131, 4, 3, 1495800397, NULL, '1243'),
(132, 4, 3, 1495800398, NULL, '1243'),
(133, 4, 3, 1495800399, NULL, '1243'),
(146, NULL, NULL, 1495801120, NULL, NULL),
(147, 4, 1, 1495801377, NULL, '41213'),
(152, NULL, NULL, 1495803115, NULL, NULL),
(153, NULL, NULL, 1495803154, NULL, NULL),
(194, 4, 3, 1495806919, NULL, '143'),
(204, 3, 1, 1495807158, NULL, '123'),
(206, NULL, NULL, 1495807213, NULL, NULL),
(248, 1, 3, 1495820889, NULL, 'test'),
(249, 2, 2, 1495821656, NULL, 'testtest'),
(261, 4, 2, 1495865270, NULL, '发帖'),
(267, 2, 1, 1495865846, NULL, 'tese'),
(269, 2, 2, 1495869756, NULL, '人挺好');

-- --------------------------------------------------------

--
-- 表的结构 `orderlist`
--

CREATE TABLE `orderlist` (
  `order_id` int(11) NOT NULL,
  `customer_id` int(11) DEFAULT NULL,
  `purchase_time` int(11) DEFAULT NULL,
  `duetime` int(11) DEFAULT NULL,
  `person_name` varchar(50) DEFAULT NULL,
  `telephone` bigint(30) DEFAULT NULL,
  `order_state` int(11) DEFAULT NULL
) ENGINE=InnoDB DEFAULT CHARSET=utf8;

--
-- 转存表中的数据 `orderlist`
--

INSERT INTO `orderlist` (`order_id`, `customer_id`, `purchase_time`, `duetime`, `person_name`, `telephone`, `order_state`) VALUES
(0, 16, 20160203, 20160210, '陈戈', 13072240265, 2),
(1, 5, 20160302, 20160310, '董和鑫', 13579079520, 1),
(2, 18, 20160318, 20160324, '魏晓熙', 13899110187, 1),
(3, 5, 20160322, 20160330, '吴珊珊', 13899162567, 1),
(4, 18, 20160328, 20160401, '马士杰', 13844400611, 1),
(5, 2, 20160403, 20160412, '刘越', 15003072015, 1),
(6, 1, 20160417, 20160420, '刘旭光', 15894052671, 1),
(7, 0, 20160523, 20160530, '刘静', 18099572923, 1),
(8, 8, 20160606, 20160610, '李卓群', 15199572312, 1),
(9, 8, 20160609, 20160615, '李浩', 15298919328, 1),
(10, 15, 20160809, 20160819, '王丽', 13920188071, 1),
(11, 6, 20160810, 20160823, '匡良', 13404066786, 2),
(12, 7, 20160813, 20160825, '王佳', 13920188072, 1),
(13, 16, 20160830, 20160909, '辛笑语', 18222229098, 2),
(14, 9, 20160910, 20160929, '韩昊', 15886882981, 1),
(15, 18, 20160914, 20161002, '高维', 15821390213, 1),
(16, 15, 20160920, 20160930, '苏龙飞', 15023131123, 1),
(17, 16, 20161001, 20161009, '袁俊豪', 15927498114, 1),
(18, 17, 20161013, 20161020, '杨立', 15182713983, 1),
(19, 17, 20161018, 20161025, '欧豪晨', 18712488127, 1),
(20, 3, 20161103, 20161110, '曾静', 18814612786, 2),
(21, 1, 20161130, 20161205, '初亚楠', 18012814982, 1),
(22, 2, 20161203, 20161210, '袁彤', 18612478172, 1),
(23, 1, 20161208, 20161219, '朱月', 13212839827, 1),
(30, 17, 20161212, 20161219, '张思琪', 13312489982, 1),
(31, 13, 20161222, 20161227, '舒朗', 13821948789, 2),
(32, 2, 20161225, 20161231, '廉馥端', 13729138012, 1),
(33, 6, 20170209, 20170219, '梁长宁', 13521893798, 1),
(34, 8, 20170309, 20170315, '马缨花', 13112387123, 2),
(35, 9, 20170405, 20170419, '孙贾玲', 13014678714, 0),
(36, 2, 1495728272, 1495728274, '李晓伟', 13912894789, 0),
(37, 4, 1495728347, 1495728349, '左京', 13821848714, 0),
(38, 4, 1495728745, 1495728790, '梁晓', 13141898741, 0),
(39, 1, 1495796210, 1495796299, '刘帆', 15031812381, 0),
(40, 1, 1495796323, 2147483647, '潘然', 15119847192, 1),
(41, 2, 1495820501, 2017, '王佳颉', 13028088072, 0),
(42, 2, 1495868308, 2017, '王佳颉', 13133333333, 0),
(43, 1, 1495869479, 2017, '王佳颉', 133333333333, 0);

-- --------------------------------------------------------

--
-- 表的结构 `order_product`
--

CREATE TABLE `order_product` (
  `order_id` int(11) NOT NULL,
  `product_id` int(11) NOT NULL,
  `product_count` int(11) DEFAULT NULL
) ENGINE=InnoDB DEFAULT CHARSET=utf8;

--
-- 转存表中的数据 `order_product`
--

INSERT INTO `order_product` (`order_id`, `product_id`, `product_count`) VALUES
(0, 1, 80),
(0, 2, 30),
(0, 3, 6),
(1, 2, 30),
(1, 5, 10),
(2, 3, 10),
(2, 4, 5),
(2, 11, 20),
(3, 1, 2),
(3, 4, 2),
(3, 11, 5),
(3, 14, 2),
(4, 2, 10),
(4, 9, 8),
(4, 13, 10),
(4, 15, 12),
(5, 5, 5),
(5, 6, 5),
(5, 9, 5),
(5, 15, 10),
(6, 2, 5),
(6, 6, 3),
(6, 10, 2),
(6, 14, 10),
(7, 2, 3),
(7, 4, 5),
(7, 6, 5),
(7, 8, 3),
(8, 2, 3),
(8, 4, 5),
(8, 6, 10),
(9, 10, 5),
(9, 11, 10),
(10, 15, 4),
(10, 18, 2),
(11, 2, 3),
(11, 3, 7),
(11, 5, 9),
(12, 5, 2),
(13, 10, 20),
(14, 6, 10),
(14, 11, 15),
(14, 15, 20),
(15, 1, 2),
(15, 4, 20),
(15, 8, 15),
(16, 7, 10),
(16, 10, 15),
(16, 15, 10),
(17, 2, 8),
(18, 4, 2),
(19, 6, 13),
(19, 10, 15),
(30, 0, 1),
(30, 1, 1),
(34, 0, 2),
(34, 3, 3),
(35, 3, 4),
(36, 1, 120),
(36, 4, 5),
(37, 1, 12),
(37, 4, 5),
(38, 11, 11),
(38, 19, 45),
(39, 0, 4),
(39, 1, 5),
(40, 0, 4),
(40, 1, 5),
(41, 0, 3),
(41, 4, 6),
(42, 1, 5),
(42, 3, 8),
(43, 4, 2),
(43, 5, 3);

-- --------------------------------------------------------

--
-- 表的结构 `process`
--

CREATE TABLE `process` (
  `process_id` int(11) NOT NULL,
  `description` varchar(50) DEFAULT NULL,
  `cost` int(11) DEFAULT NULL,
  `product_id` int(11) NOT NULL
) ENGINE=InnoDB DEFAULT CHARSET=utf8;

--
-- 转存表中的数据 `process`
--

INSERT INTO `process` (`process_id`, `description`, `cost`, `product_id`) VALUES
(0, '流水线生产：MASK掩膜版蚀刻加工 蒸镀掩膜板 漏板 光栅掩膜板', 13, 0),
(1, '流水线生产：定制金属引线框架 供应蚀刻加工导线架引线框架 精密无毛刺', 6, 1),
(2, '流水线生产：金属码盘蚀刻 电机码盘 化学腐蚀加工码盘', 8, 2),
(3, '流水线生产：金属码盘定制 精密光栅码盘蚀刻加工', 3, 3),
(4, '流水线生产：编码器码盘50-1', 15, 4),
(5, '流水线生产：卷对卷不锈钢蚀刻 高精度连续蚀刻加工', 5, 5),
(6, '流水线生产：手机不锈钢后盖蚀刻', 2, 6),
(7, '流水线生产：MASK掩膜版蚀刻加工 蒸镀掩膜板 光栅掩膜板', 1, 7),
(8, '流水线生产：层压保护板蚀刻加工 金属掩膜版 化学腐蚀空心漏板', 12, 8),
(9, '流水线生产：医疗人体植入材料 微小细小元件蚀刻 高精度蚀刻', 14, 9),
(10, '流水线生产：蚀刻加工vfd阵列 荧光显示屏阵列配件', 19, 10),
(11, '流水线生产：网格掩膜版蚀刻加工 漏板 不锈钢掩膜板', 16, 11),
(12, '流水线生产：不锈钢蚀刻网 多种低价喇叭网', 18, 12),
(13, '流水线生产：金属蚀刻加工眼镜架 不锈钢蚀刻镜架', 10, 13),
(14, '流水线生产：蚀刻加工卫浴花洒片 淋浴配件', 7, 14),
(15, '流水线生产：电视机喇叭网蚀刻加工 定制音响网罩', 4, 15),
(16, '流水线生产：不锈钢蚀刻过滤网 定制蚀刻喇叭网', 17, 16),
(17, '流水线生产：光电码盘单晶硅版', 14, 17),
(18, '流水线生产：蚀刻加工不锈钢掩膜版 蒸镀掩膜板 漏板', 11, 18),
(19, '流水线生产：雕刻打号蚀刻花洒片 手持喷头片', 9, 19);

-- --------------------------------------------------------

--
-- 表的结构 `process_getorder`
--

CREATE TABLE `process_getorder` (
  `process_getorderid` int(11) NOT NULL,
  `process_id` int(11) DEFAULT NULL,
  `process_getordertime` int(11) DEFAULT NULL
) ENGINE=InnoDB DEFAULT CHARSET=utf8;

--
-- 转存表中的数据 `process_getorder`
--

INSERT INTO `process_getorder` (`process_getorderid`, `process_id`, `process_getordertime`) VALUES
(26, 7, 1495732414),
(28, 1, 1495732412),
(29, 1, 1495732433),
(30, 1, 1495732448),
(31, 2, 1495732448),
(32, 3, 1495732449),
(33, 1, 1495732532),
(34, 2, 1495732532),
(35, 3, 1495732533),
(37, 0, 1495732413),
(40, 2, 1495732843),
(41, 3, 1495732844),
(42, 1, 1495733045),
(43, 2, 1495733046),
(44, 3, 1495733046),
(45, 1, 1495733087),
(48, 1, 1495733095),
(49, 2, 1495733096),
(50, 3, 1495733096),
(51, 1, 1495733102),
(52, 2, 1495733103),
(53, 3, 1495733103),
(54, 1, 1495733104),
(55, 2, 1495733104),
(56, 3, 1495733105),
(57, 1, 1495733242),
(58, 2, 1495733243),
(59, 3, 1495733243),
(60, 1, 1495733247),
(61, 2, 1495733248),
(62, 3, 1495733248),
(63, 1, 1495733250),
(64, 2, 1495733251),
(65, 3, 1495733251),
(66, 1, 1495733256),
(67, 2, 1495733257),
(68, 3, 1495733257),
(69, 1, 1495733301),
(70, 2, 1495733302),
(71, 3, 1495733302),
(72, 1, 1495733322),
(73, 2, 1495733323),
(74, 3, 1495733324),
(75, 1, 1495733398),
(76, 2, 1495733399),
(77, 3, 1495733399),
(78, 1, 1495733567),
(79, 2, 1495733568),
(80, 3, 1495733569),
(81, 1, 1495733692),
(82, 2, 1495733693),
(83, 3, 1495733693),
(84, 1, 1495797000),
(85, 2, 1495797001),
(86, 3, 1495797002),
(87, 0, 1495798701),
(88, 1, 1495798708),
(89, 3, 1495798808),
(90, 1, 1495798816),
(91, 4, 1495798822),
(92, 1, 1495816699),
(93, 2, 1495816700),
(94, 3, 1495816700),
(95, 2, 1495865729),
(96, 4, 1495865730),
(97, 6, 1495865731),
(98, 15, 1495865731),
(99, 18, 1495865732),
(100, 5, 1495865741),
(101, 6, 1495865742),
(102, 9, 1495865742),
(103, 15, 1495865742),
(104, 5, 1495865743),
(105, 0, 1495868057),
(106, 1, 1495868058),
(107, 0, 1495868058),
(108, 1, 1495868059),
(109, 6, 1495868110),
(110, 11, 1495868111),
(111, 15, 1495868111),
(112, 1, 1495868112),
(113, 4, 1495868112),
(114, 8, 1495868113),
(115, 4, 1495868113),
(116, 1, 1495869583),
(117, 4, 1495869583),
(118, 11, 1495869584),
(119, 14, 1495869584),
(120, 5, 1495869585),
(121, 6, 1495869585),
(122, 9, 1495869586),
(123, 15, 1495869586),
(124, 2, 1495869587),
(125, 4, 1495869587),
(126, 6, 1495869588),
(127, 8, 1495869588),
(128, 15, 1495869589),
(129, 18, 1495869589),
(130, 6, 1495869590),
(131, 11, 1495869590),
(132, 15, 1495869591),
(133, 7, 1495892784),
(134, 10, 1495892785),
(135, 15, 1495892785),
(136, 4, 1495892786),
(137, 6, 1495892786),
(138, 10, 1495892787),
(139, 0, 1495892788),
(140, 1, 1495892788);

-- --------------------------------------------------------

--
-- 表的结构 `process_getorder_detail`
--

CREATE TABLE `process_getorder_detail` (
  `process_getorderid` int(11) NOT NULL,
  `material_id` int(11) NOT NULL,
  `material_count` int(11) DEFAULT NULL
) ENGINE=InnoDB DEFAULT CHARSET=utf8;

--
-- 转存表中的数据 `process_getorder_detail`
--

INSERT INTO `process_getorder_detail` (`process_getorderid`, `material_id`, `material_count`) VALUES
(34, 0, 1000),
(34, 1, 300),
(34, 3, 300),
(34, 16, 400),
(35, 0, 6),
(35, 1, 18),
(35, 3, 6),
(37, 1, 10),
(37, 2, 15),
(37, 10, 10),
(40, 0, 9),
(40, 1, 3),
(40, 3, 6),
(40, 16, 3),
(41, 0, 6),
(41, 1, 18),
(41, 3, 6),
(42, 2, 15),
(42, 5, 10),
(42, 10, 5),
(42, 12, 15),
(42, 17, 5),
(43, 0, 9),
(43, 1, 3),
(43, 3, 6),
(43, 16, 3),
(44, 0, 6),
(44, 1, 18),
(44, 3, 6),
(45, 2, 15),
(45, 5, 10),
(45, 10, 5),
(45, 12, 15),
(45, 17, 5),
(48, 2, 15),
(48, 5, 10),
(48, 10, 5),
(48, 12, 15),
(48, 17, 5),
(49, 0, 9),
(49, 1, 3),
(49, 3, 6),
(49, 16, 3),
(50, 0, 6),
(50, 1, 18),
(50, 3, 6),
(51, 2, 15),
(51, 5, 10),
(51, 10, 5),
(51, 12, 15),
(51, 17, 5),
(52, 0, 9),
(52, 1, 3),
(52, 3, 6),
(52, 16, 3),
(53, 0, 6),
(53, 1, 18),
(53, 3, 6),
(54, 2, 15),
(54, 5, 10),
(54, 10, 5),
(54, 12, 15),
(54, 17, 5),
(55, 0, 9),
(55, 1, 3),
(55, 3, 6),
(55, 16, 3),
(56, 0, 6),
(56, 1, 18),
(56, 3, 6),
(57, 2, 15),
(57, 5, 10),
(57, 10, 5),
(57, 12, 15),
(57, 17, 5),
(58, 0, 9),
(58, 1, 3),
(58, 3, 6),
(58, 16, 3),
(59, 0, 6),
(59, 1, 18),
(59, 3, 6),
(60, 2, 15),
(60, 5, 10),
(60, 10, 5),
(60, 12, 15),
(60, 17, 5),
(61, 0, 9),
(61, 1, 3),
(61, 3, 6),
(61, 16, 3),
(62, 0, 6),
(62, 1, 18),
(62, 3, 6),
(63, 2, 15),
(63, 5, 10),
(63, 10, 5),
(63, 12, 15),
(63, 17, 5),
(64, 0, 9),
(64, 1, 3),
(64, 3, 6),
(64, 16, 3),
(65, 0, 6),
(65, 1, 18),
(65, 3, 6),
(66, 2, 15),
(66, 5, 10),
(66, 10, 5),
(66, 12, 15),
(66, 17, 5),
(67, 0, 9),
(67, 1, 3),
(67, 3, 6),
(67, 16, 3),
(68, 0, 6),
(68, 1, 18),
(68, 3, 6),
(69, 2, 15),
(69, 5, 10),
(69, 10, 5),
(69, 12, 15),
(69, 17, 5),
(70, 0, 9),
(70, 1, 3),
(70, 3, 6),
(70, 16, 3),
(71, 0, 6),
(71, 1, 18),
(71, 3, 6),
(72, 2, 15),
(72, 5, 10),
(72, 10, 5),
(72, 12, 15),
(72, 17, 5),
(73, 0, 9),
(73, 1, 3),
(73, 3, 6),
(73, 16, 3),
(74, 0, 6),
(74, 1, 18),
(74, 3, 6),
(75, 2, 15),
(75, 5, 10),
(75, 10, 5),
(75, 12, 15),
(75, 17, 5),
(76, 0, 9),
(76, 1, 3),
(76, 3, 6),
(76, 16, 3),
(77, 0, 6),
(77, 1, 18),
(77, 3, 6),
(78, 2, 15),
(78, 5, 10),
(78, 10, 5),
(78, 12, 15),
(78, 17, 5),
(79, 0, 9),
(79, 1, 3),
(79, 3, 6),
(79, 16, 3),
(80, 0, 6),
(80, 1, 18),
(80, 3, 6),
(81, 2, 15),
(81, 5, 10),
(81, 10, 5),
(81, 12, 15),
(81, 17, 5),
(82, 0, 9),
(82, 1, 3),
(82, 3, 6),
(82, 16, 3),
(83, 0, 6),
(83, 1, 18),
(83, 3, 6),
(84, 2, 15),
(84, 5, 10),
(84, 10, 5),
(84, 12, 15),
(84, 17, 5),
(85, 0, 9),
(85, 1, 3),
(85, 3, 6),
(85, 16, 3),
(86, 0, 6),
(86, 1, 18),
(86, 3, 6),
(87, 1, 1),
(87, 3, 3),
(87, 15, 1),
(88, 2, 3),
(88, 5, 2),
(88, 10, 1),
(88, 12, 3),
(88, 17, 1),
(89, 0, 4),
(89, 1, 12),
(89, 3, 4),
(90, 2, 36),
(90, 5, 24),
(90, 10, 12),
(90, 12, 36),
(90, 17, 12),
(91, 0, 10),
(91, 5, 5),
(91, 16, 5),
(92, 2, 240),
(92, 5, 160),
(92, 10, 80),
(92, 12, 240),
(92, 17, 80),
(92, 29, 160),
(93, 0, 90),
(93, 1, 30),
(93, 3, 60),
(93, 5, 60),
(93, 6, 60),
(93, 16, 30),
(94, 0, 6),
(94, 1, 18),
(94, 3, 6),
(95, 0, 9),
(95, 1, 3),
(95, 3, 6),
(95, 5, 6),
(95, 6, 6),
(95, 16, 3),
(96, 0, 10),
(96, 5, 5),
(96, 16, 5),
(97, 1, 10),
(97, 3, 30),
(97, 8, 10),
(97, 16, 20),
(97, 17, 10),
(98, 2, 8),
(98, 3, 4),
(98, 7, 4),
(98, 8, 8),
(98, 14, 12),
(98, 17, 4),
(99, 1, 2),
(99, 3, 2),
(99, 22, 4),
(99, 30, 2),
(100, 3, 10),
(100, 5, 5),
(100, 16, 5),
(101, 1, 5),
(101, 3, 15),
(101, 8, 5),
(101, 16, 10),
(101, 17, 5),
(102, 3, 15),
(102, 9, 5),
(102, 10, 10),
(102, 13, 5),
(102, 23, 5),
(103, 2, 20),
(103, 3, 10),
(103, 7, 10),
(103, 8, 20),
(103, 14, 30),
(103, 17, 10),
(104, 3, 4),
(104, 5, 2),
(104, 16, 2),
(105, 1, 4),
(105, 3, 12),
(105, 15, 4),
(105, 30, 8),
(106, 2, 15),
(106, 5, 10),
(106, 10, 5),
(106, 12, 15),
(106, 17, 5),
(106, 29, 10),
(107, 1, 4),
(107, 3, 12),
(107, 15, 4),
(107, 30, 8),
(108, 2, 15),
(108, 5, 10),
(108, 10, 5),
(108, 12, 15),
(108, 17, 5),
(108, 29, 10),
(109, 1, 10),
(109, 3, 30),
(109, 8, 10),
(109, 16, 20),
(109, 17, 10),
(110, 3, 30),
(110, 4, 15),
(110, 6, 45),
(110, 9, 30),
(110, 15, 15),
(110, 19, 15),
(110, 30, 15),
(111, 2, 40),
(111, 3, 20),
(111, 7, 20),
(111, 8, 40),
(111, 14, 60),
(111, 17, 20),
(112, 2, 6),
(112, 5, 4),
(112, 10, 2),
(112, 12, 6),
(112, 17, 2),
(112, 29, 4),
(113, 0, 40),
(113, 5, 20),
(113, 16, 20),
(114, 3, 45),
(114, 4, 15),
(114, 6, 30),
(114, 7, 15),
(114, 16, 15),
(114, 30, 45),
(115, 0, 4),
(115, 5, 2),
(115, 16, 2),
(116, 2, 6),
(116, 5, 4),
(116, 10, 2),
(116, 12, 6),
(116, 17, 2),
(116, 29, 4),
(117, 0, 4),
(117, 5, 2),
(117, 16, 2),
(118, 3, 10),
(118, 4, 5),
(118, 6, 15),
(118, 9, 10),
(118, 15, 5),
(118, 19, 5),
(118, 30, 5),
(119, 6, 2),
(119, 14, 6),
(119, 26, 6),
(119, 27, 2),
(119, 29, 4),
(120, 3, 10),
(120, 5, 5),
(120, 16, 5),
(121, 1, 5),
(121, 3, 15),
(121, 8, 5),
(121, 16, 10),
(121, 17, 5),
(122, 3, 15),
(122, 9, 5),
(122, 10, 10),
(122, 13, 5),
(122, 23, 5),
(123, 2, 20),
(123, 3, 10),
(123, 7, 10),
(123, 8, 20),
(123, 14, 30),
(123, 17, 10),
(124, 0, 9),
(124, 1, 3),
(124, 3, 6),
(124, 5, 6),
(124, 6, 6),
(124, 16, 3),
(125, 0, 10),
(125, 5, 5),
(125, 16, 5),
(126, 1, 5),
(126, 3, 15),
(126, 8, 5),
(126, 16, 10),
(126, 17, 5),
(127, 3, 9),
(127, 4, 3),
(127, 6, 6),
(127, 7, 3),
(127, 16, 3),
(127, 30, 9),
(128, 2, 8),
(128, 3, 4),
(128, 7, 4),
(128, 8, 8),
(128, 14, 12),
(128, 17, 4),
(129, 1, 2),
(129, 3, 2),
(129, 22, 4),
(129, 30, 2),
(130, 1, 10),
(130, 3, 30),
(130, 8, 10),
(130, 16, 20),
(130, 17, 10),
(131, 3, 30),
(131, 4, 15),
(131, 6, 45),
(131, 9, 30),
(131, 15, 15),
(131, 19, 15),
(131, 30, 15),
(132, 2, 40),
(132, 3, 20),
(132, 7, 20),
(132, 8, 40),
(132, 14, 60),
(132, 17, 20),
(133, 0, 10),
(133, 8, 10),
(133, 16, 20),
(133, 17, 10),
(133, 24, 10),
(133, 29, 30),
(133, 31, 10),
(134, 2, 45),
(134, 3, 15),
(134, 5, 30),
(134, 11, 15),
(134, 12, 15),
(134, 18, 30),
(134, 21, 15),
(134, 31, 15),
(135, 2, 20),
(135, 3, 10),
(135, 7, 10),
(135, 8, 20),
(135, 14, 30),
(135, 17, 10),
(136, 0, 4),
(136, 5, 2),
(136, 16, 2),
(137, 1, 13),
(137, 3, 39),
(137, 8, 13),
(137, 16, 26),
(137, 17, 13),
(138, 2, 45),
(138, 3, 15),
(138, 5, 30),
(138, 11, 15),
(138, 12, 15),
(138, 18, 30),
(138, 21, 15),
(138, 31, 15),
(139, 1, 1),
(139, 3, 3),
(139, 15, 1),
(139, 30, 2),
(140, 2, 3),
(140, 5, 2),
(140, 10, 1),
(140, 12, 3),
(140, 17, 1),
(140, 29, 2);

-- --------------------------------------------------------

--
-- 表的结构 `product`
--

CREATE TABLE `product` (
  `product_id` int(11) NOT NULL,
  `product_category_id` int(11) DEFAULT NULL,
  `product_name` varchar(50) DEFAULT NULL,
  `product_price` double(11,2) DEFAULT NULL
) ENGINE=InnoDB DEFAULT CHARSET=utf8;

--
-- 转存表中的数据 `product`
--

INSERT INTO `product` (`product_id`, `product_category_id`, `product_name`, `product_price`) VALUES
(0, 0, 'MASK掩膜版蚀刻加工 蒸镀掩膜板 漏板 光栅掩膜板', 4.00),
(1, 0, '定制金属引线框架 供应蚀刻加工导线架引线框架 精密无毛刺', 1.00),
(2, 0, '金属码盘蚀刻 电机码盘 化学腐蚀加工码盘', 3.00),
(3, 0, '金属码盘定制 精密光栅码盘蚀刻加工', 5.00),
(4, 0, '编码器码盘50-1', 4.00),
(5, 0, '卷对卷不锈钢蚀刻 高精度连续蚀刻加工', 3.00),
(6, 1, '手机不锈钢后盖蚀刻', 2.00),
(7, 1, '精细打磨加工光电码盘', 1.00),
(8, 1, '层压保护板蚀刻加工 金属掩膜版 化学腐蚀空心漏板', 1.00),
(9, 1, '医疗人体植入材料 微小细小元件蚀刻 高精度蚀刻', 5.00),
(10, 1, '蚀刻加工vfd阵列 荧光显示屏阵列配件', 9.00),
(11, 2, '网格掩膜版蚀刻加工 漏板 不锈钢掩膜板', 11.00),
(12, 2, '不锈钢蚀刻网 多种低价喇叭网', 12.00),
(13, 2, '金属蚀刻加工眼镜架 不锈钢蚀刻镜架', 8.00),
(14, 2, '蚀刻加工卫浴花洒片 淋浴配件', 10.00),
(15, 2, '电视机喇叭网蚀刻加工 定制音响网罩', 6.00),
(16, 1, '不锈钢蚀刻过滤网 定制蚀刻喇叭网', 6.00),
(17, 0, '光电码盘单晶硅版', 4.00),
(18, 1, '蚀刻加工不锈钢掩膜版 蒸镀掩膜板 漏板', 7.00),
(19, 1, '雕刻打号蚀刻花洒片 手持喷头片', 4.00),
(20, 2, 'vic', 12.00),
(21, 2, 'vic', 12.00),
(22, 2, 'ccc', 12.00),
(23, 2, 'ccc', 22.00),
(24, 2, 'sss', 12.00),
(25, 2, 'aaa', 12.00),
(26, 2, 'new', 12.00),
(28, 1, 'qaa', 12.00),
(30, 1, 'vic', 23.00),
(32, 1, 'vv', 12.00),
(33, 1, 'nn', 12.00),
(34, 1, 'ww', 12.00),
(35, 1, 'ww', 13.00),
(36, 1, '企业展示', 100.00),
(37, 0, 'test', 88.00),
(39, 2, 'aa', 12.00),
(41, 1, 'srq', 111.00),
(44, 1, 'xuchong', 12.00);

-- --------------------------------------------------------

--
-- 表的结构 `product_category`
--

CREATE TABLE `product_category` (
  `product_category_id` int(11) NOT NULL,
  `product_category_name` varchar(50) DEFAULT NULL
) ENGINE=InnoDB DEFAULT CHARSET=utf8;

--
-- 转存表中的数据 `product_category`
--

INSERT INTO `product_category` (`product_category_id`, `product_category_name`) VALUES
(0, '高端精密原件蚀刻加工'),
(1, '电子类产品蚀刻加工'),
(2, '高精密大学实验/医疗植入蚀刻加工'),
(3, '未分类'),
(4, 'test'),
(5, '测试');

-- --------------------------------------------------------

--
-- 表的结构 `product_category_key`
--

CREATE TABLE `product_category_key` (
  `product_category_id` int(11) NOT NULL,
  `pro_product_category_id` int(11) NOT NULL
) ENGINE=InnoDB DEFAULT CHARSET=utf8;

--
-- 转存表中的数据 `product_category_key`
--

INSERT INTO `product_category_key` (`product_category_id`, `pro_product_category_id`) VALUES
(0, 2),
(1, 2),
(2, 2),
(3, 2);

-- --------------------------------------------------------

--
-- 表的结构 `product_material`
--

CREATE TABLE `product_material` (
  `product_id` int(11) NOT NULL,
  `material_id` int(11) NOT NULL,
  `num_material` int(11) NOT NULL
) ENGINE=InnoDB DEFAULT CHARSET=utf8;

--
-- 转存表中的数据 `product_material`
--

INSERT INTO `product_material` (`product_id`, `material_id`, `num_material`) VALUES
(0, 1, 1),
(0, 3, 3),
(0, 15, 1),
(0, 30, 2),
(1, 2, 3),
(1, 5, 2),
(1, 10, 1),
(1, 12, 3),
(1, 17, 1),
(1, 29, 2),
(2, 0, 3),
(2, 1, 1),
(2, 3, 2),
(2, 5, 2),
(2, 6, 2),
(2, 16, 1),
(3, 0, 1),
(3, 1, 3),
(3, 3, 1),
(4, 0, 2),
(4, 5, 1),
(4, 16, 1),
(5, 3, 2),
(5, 5, 1),
(5, 16, 1),
(6, 1, 1),
(6, 3, 3),
(6, 8, 1),
(6, 16, 2),
(6, 17, 1),
(7, 0, 1),
(7, 8, 1),
(7, 16, 2),
(7, 17, 1),
(7, 24, 1),
(7, 29, 3),
(7, 31, 1),
(8, 3, 3),
(8, 4, 1),
(8, 6, 2),
(8, 7, 1),
(8, 16, 1),
(8, 30, 3),
(9, 3, 3),
(9, 9, 1),
(9, 10, 2),
(9, 13, 1),
(9, 23, 1),
(10, 2, 3),
(10, 3, 1),
(10, 5, 2),
(10, 11, 1),
(10, 12, 1),
(10, 18, 2),
(10, 21, 1),
(10, 31, 1),
(11, 3, 2),
(11, 4, 1),
(11, 6, 3),
(11, 9, 2),
(11, 15, 1),
(11, 19, 1),
(11, 30, 1),
(12, 14, 1),
(12, 18, 3),
(12, 20, 1),
(12, 21, 1),
(12, 22, 2),
(12, 23, 1),
(13, 3, 1),
(13, 13, 3),
(13, 16, 1),
(13, 17, 2),
(14, 6, 1),
(14, 14, 3),
(14, 26, 3),
(14, 27, 1),
(14, 29, 2),
(15, 2, 2),
(15, 3, 1),
(15, 7, 1),
(15, 8, 2),
(15, 14, 3),
(15, 17, 1),
(16, 2, 1),
(16, 5, 2),
(16, 12, 1),
(16, 23, 3),
(17, 0, 1),
(17, 3, 1),
(17, 18, 1),
(17, 20, 1),
(18, 1, 1),
(18, 3, 1),
(18, 22, 2),
(18, 30, 1),
(19, 3, 1),
(19, 17, 3),
(19, 20, 1),
(19, 24, 1),
(22, 0, 1),
(23, 0, 1),
(24, 0, 1),
(30, 0, 1),
(32, 0, 1),
(33, 0, 1),
(34, 0, 1),
(35, 0, 1),
(36, 0, 12),
(36, 1, 18),
(37, 0, 10),
(37, 2, 14),
(39, 0, 10),
(39, 2, 14),
(41, 1, 10),
(41, 4, 11),
(44, 20, 20),
(44, 30, 10);

-- --------------------------------------------------------

--
-- 表的结构 `product_process`
--

CREATE TABLE `product_process` (
  `product_id` int(11) NOT NULL,
  `process_id` int(11) NOT NULL
) ENGINE=InnoDB DEFAULT CHARSET=utf8;

--
-- 转存表中的数据 `product_process`
--

INSERT INTO `product_process` (`product_id`, `process_id`) VALUES
(11, 0),
(17, 1),
(18, 2),
(4, 3),
(16, 4),
(1, 5),
(14, 6),
(2, 7),
(10, 8),
(13, 9),
(7, 10),
(8, 11),
(19, 12),
(0, 13),
(3, 14),
(6, 15),
(5, 16),
(9, 17),
(12, 18),
(15, 19);

-- --------------------------------------------------------

--
-- 表的结构 `product_warehouse_in`
--

CREATE TABLE `product_warehouse_in` (
  `product_id` int(11) NOT NULL,
  `product_in_orderid` int(11) NOT NULL,
  `warehouse_id` int(11) NOT NULL,
  `product_in_count` int(11) DEFAULT NULL
) ENGINE=InnoDB DEFAULT CHARSET=utf8;

--
-- 转存表中的数据 `product_warehouse_in`
--

INSERT INTO `product_warehouse_in` (`product_id`, `product_in_orderid`, `warehouse_id`, `product_in_count`) VALUES
(0, 20, 1, 1),
(0, 21, 1, 1),
(0, 25, 1, 1),
(1, 20, 1, 1),
(1, 21, 1, 1),
(1, 22, 2, 20),
(1, 23, 2, 3),
(4, 23, 2, 7),
(15, 24, 2, 3),
(17, 24, 2, 7);

-- --------------------------------------------------------

--
-- 表的结构 `product_warehouse_in_order`
--

CREATE TABLE `product_warehouse_in_order` (
  `product_in_orderid` int(11) NOT NULL,
  `employee_id` int(11) DEFAULT NULL,
  `product_in_ordertime` int(11) DEFAULT NULL,
  `product_in_orderremark` varchar(50) DEFAULT NULL
) ENGINE=InnoDB DEFAULT CHARSET=utf8;

--
-- 转存表中的数据 `product_warehouse_in_order`
--

INSERT INTO `product_warehouse_in_order` (`product_in_orderid`, `employee_id`, `product_in_ordertime`, `product_in_orderremark`) VALUES
(0, 1, 20160209, '无备注'),
(1, 1, 20160209, '分架存放'),
(2, 2, 20160218, '无备注'),
(3, 2, 20160223, '注意防潮'),
(4, 3, 20160301, '箱子破旧，需关注'),
(5, 0, 20160302, '注意高热'),
(6, 8, 20160310, '无备注'),
(7, 4, 20160319, '注意防潮'),
(8, 3, 20160321, '无备注'),
(9, 3, 20160401, '无备注'),
(10, 3, 20160401, '分架存放'),
(11, 4, 20160406, '防止挤压'),
(12, 3, 20160415, '无备注'),
(13, 4, 20160512, '一箱两件'),
(14, 9, 20160519, '无备注'),
(15, 5, 20160527, '防止曝晒'),
(16, 9, 20160628, '无备注'),
(17, 1, 20160720, '防止挤压'),
(18, 9, 20160812, '注意防潮'),
(19, 8, 20161102, '无备注'),
(20, 1, 1495725865, '无备注'),
(21, 1, 1495725872, 'dasdsad'),
(22, 3, 1495804040, '无备注'),
(23, 1, 1495811640, 'test'),
(24, 2, 1495811778, 'test2'),
(25, 1, 1495868605, 'haha');

-- --------------------------------------------------------

--
-- 表的结构 `product_warehouse_out`
--

CREATE TABLE `product_warehouse_out` (
  `product_id` int(11) NOT NULL,
  `warehouse_id` int(11) NOT NULL,
  `product_out_orderid` int(11) NOT NULL,
  `product_out_count` int(11) DEFAULT NULL
) ENGINE=InnoDB DEFAULT CHARSET=utf8;

--
-- 转存表中的数据 `product_warehouse_out`
--

INSERT INTO `product_warehouse_out` (`product_id`, `warehouse_id`, `product_out_orderid`, `product_out_count`) VALUES
(0, 0, 61, 2),
(1, 1, 33, 5),
(1, 1, 35, 5),
(1, 1, 59, 12),
(2, 2, 33, 3),
(2, 2, 35, 3),
(2, 2, 49, 30),
(2, 2, 53, 30),
(2, 2, 60, 30),
(3, 2, 28, 3),
(3, 2, 29, 3),
(3, 2, 30, 3),
(3, 2, 31, 3),
(3, 2, 32, 3),
(3, 2, 33, 6),
(3, 2, 34, 3),
(3, 2, 35, 6),
(3, 2, 49, 0),
(3, 2, 53, 0),
(3, 2, 55, 0),
(3, 2, 57, 0),
(3, 2, 60, 6),
(3, 2, 61, 3),
(4, 1, 50, 6),
(4, 1, 51, 6),
(4, 1, 52, 6),
(4, 1, 59, 5);

-- --------------------------------------------------------

--
-- 表的结构 `product_warehouse_out_order`
--

CREATE TABLE `product_warehouse_out_order` (
  `product_out_orderid` int(11) NOT NULL,
  `employee_id` int(11) DEFAULT NULL,
  `product_out_ordertime` int(11) DEFAULT NULL,
  `product_out_orderremark` varchar(50) DEFAULT NULL
) ENGINE=InnoDB DEFAULT CHARSET=utf8;

--
-- 转存表中的数据 `product_warehouse_out_order`
--

INSERT INTO `product_warehouse_out_order` (`product_out_orderid`, `employee_id`, `product_out_ordertime`, `product_out_orderremark`) VALUES
(0, 2, 20160203, '轻拿轻放'),
(1, 9, 20160208, '无备注'),
(2, 6, 20160219, '小心磕碰'),
(3, 1, 20160227, '无备注'),
(4, 9, 20160301, '轻拿轻放'),
(5, 3, 20160402, '小心磕碰'),
(6, 4, 20160418, '无备注'),
(7, 4, 20160522, '轻拿轻放'),
(8, 6, 20160531, '无备注'),
(9, 0, 20160606, '轻拿轻放'),
(10, 3, 20160611, '小心磕碰'),
(11, 8, 20160629, '王经理特定'),
(12, 7, 20160701, '无备注'),
(13, 9, 20160708, '王佳急需'),
(14, 2, 20160729, '小心磕碰'),
(15, 1, 20160731, '无备注'),
(16, 8, 20160803, '无备注'),
(17, 8, 20160809, '价值极高，小心运送'),
(18, 2, 20160821, '无备注'),
(19, 3, 20160826, '无备注'),
(20, NULL, 1495728782, 'test'),
(21, NULL, 1495728789, 'test'),
(22, 2, 1495737680, 'test'),
(23, 1, 1495795836, 'test'),
(24, 1, 1495796724, 'test'),
(25, 2, 1495796782, 'test'),
(26, 1, 1495797263, 'test'),
(27, 1, 1495797271, 'test'),
(28, 1, 1495797408, 'test'),
(29, 1, 1495797437, 'test'),
(30, 1, 1495797492, 'test'),
(31, 1, 1495797497, 'test'),
(32, 1, 1495797524, 'test'),
(33, 1, 1495797896, 'test'),
(34, 1, 1495797921, 'test'),
(35, 1, 1495797957, 'test'),
(36, 1, 1495797966, 'test'),
(37, 1, 1495798069, 'test'),
(38, 1, 1495798130, 'test'),
(39, 1, 1495798150, 'test'),
(40, 1, 1495798206, 'test'),
(41, 1, 1495798223, 'test'),
(42, 1, 1495798261, 'test'),
(43, 1, 1495798280, 'test'),
(44, 1, 1495798316, 'test'),
(45, 1, 1495798347, 'test'),
(46, 1, 1495798390, 'test'),
(47, 1, 1495798503, 'test'),
(48, 1, 1495798533, 'test'),
(49, 5, 1495806289, 'test'),
(50, 1, 1495851373, 'test'),
(51, 1, 1495858698, 'test'),
(52, 1, 1495864943, 'test'),
(53, 1, 1495864960, 'test'),
(54, 1, 1495864967, 'test'),
(55, 2, 1495865117, 'test'),
(56, 2, 1495865127, 'test'),
(57, 2, 1495865188, 'test'),
(58, 2, 1495865204, 'test'),
(59, 2, 1495865220, 'test'),
(60, 3, 1495869831, 'test'),
(61, 3, 1495869842, 'test');

-- --------------------------------------------------------

--
-- 表的结构 `purchase_order`
--

CREATE TABLE `purchase_order` (
  `purchase_order_id` int(11) NOT NULL,
  `employee_id` int(11) DEFAULT NULL,
  `purchase_time` int(11) DEFAULT NULL
) ENGINE=InnoDB DEFAULT CHARSET=utf8;

--
-- 转存表中的数据 `purchase_order`
--

INSERT INTO `purchase_order` (`purchase_order_id`, `employee_id`, `purchase_time`) VALUES
(0, 2, 6),
(1, 3, 7),
(2, 1, 19),
(3, 4, 16),
(4, 5, 12),
(5, 6, 2),
(6, 6, 17),
(7, 7, 11),
(8, 8, 13),
(9, 9, 3),
(10, 2, 18),
(11, 3, 15),
(12, 4, 10),
(13, 6, 4),
(14, 3, 14),
(15, 4, 0),
(16, 2, 1),
(17, 5, 5),
(18, 7, 9),
(19, 8, 8);

-- --------------------------------------------------------

--
-- 表的结构 `purchase_order_detail`
--

CREATE TABLE `purchase_order_detail` (
  `supplier_id` int(11) NOT NULL,
  `material_id` int(11) NOT NULL,
  `purchase_order_id` int(11) NOT NULL,
  `material_count` int(11) DEFAULT NULL
) ENGINE=InnoDB DEFAULT CHARSET=utf8;

--
-- 转存表中的数据 `purchase_order_detail`
--

INSERT INTO `purchase_order_detail` (`supplier_id`, `material_id`, `purchase_order_id`, `material_count`) VALUES
(0, 12, 10, 11),
(1, 3, 19, 0),
(2, 0, 11, 1),
(3, 9, 2, 19),
(4, 13, 16, 3),
(5, 17, 13, 2),
(6, 5, 1, 5),
(7, 4, 18, 15),
(8, 15, 4, 4),
(9, 7, 0, 9),
(10, 11, 6, 8),
(11, 18, 8, 10),
(12, 19, 15, 6),
(13, 8, 3, 14),
(14, 14, 12, 16),
(15, 10, 17, 18),
(16, 2, 5, 17),
(17, 1, 14, 12),
(18, 16, 7, 13),
(19, 6, 9, 7);

-- --------------------------------------------------------

--
-- 表的结构 `supplier`
--

CREATE TABLE `supplier` (
  `supplier_id` int(11) NOT NULL,
  `company_name` varchar(50) DEFAULT NULL,
  `address` varchar(50) DEFAULT NULL,
  `telephone` bigint(30) DEFAULT NULL
) ENGINE=InnoDB DEFAULT CHARSET=utf8;

--
-- 转存表中的数据 `supplier`
--

INSERT INTO `supplier` (`supplier_id`, `company_name`, `address`, `telephone`) VALUES
(0, '天津恒立远大仪表有限公司', '天津市西青区海泰绿色发展基地K2座', 13928173628),
(1, '天津普瑞斯特科技发展有限公司', '天津市南开区卫津路新都大厦2-2601', 27699963),
(2, '天津菲利科电子技术有限公司', '天津市南开区华苑产业园区梓苑路13号3-D-7', 58393246),
(3, '普利曼（天津）电工绝缘材料有限公司', '天津市津南区八里台工业区天华路11号', 28555709),
(4, '天津市赛盛工贸发展有限公司', '天津津南天津市西青区辛口镇', 26591116),
(5, '深圳市旭灿电子科技有限公司', '天津西西青区李七庄', 13042179194),
(6, '天津必锋模型科技有限公司', '天津市西青区大明道31号', 58266081),
(7, '天津市蓝莓电子技术研发中心', '北辰区双口镇', 58123242),
(8, '图尔克中国总公司', '天津市西青经济开发区兴华四支路18号', 83988188),
(9, '天津光电星球显示设备有限公司', '天津市西青经济开发区赛达国际工业城榕城6支路A1', 28303884),
(10, '石家庄宗正食品技术推广服务有限公司', '石家庄河北省石家庄中山东路435号', 85525253),
(11, '天津美隆航科技发展有限公司', '南开区榕苑路4号天发科技园6-1-702', 83710208),
(12, '深圳市旭灿电子科技有限公司', '天津市西青区', 28911414),
(13, '北京宏伟睿达电子技术开发有限公司', '北京市海淀区长春桥路5号', 13237771234),
(14, '北京佰拓安建技术有限公司', '良乡瑞雪春堂三里一号楼407、409室', 17760339392),
(15, '北京富凌联合电子技术有限公司', '北京市海淀区西苑一亩园21号海宇写字楼309  北京市海淀区西苑一亩园21号海宇写字楼309 ', 18062866277),
(16, '北京汉盾四邦科技有限公司', '北京市昌平区沙河镇北街家园五区2号楼3-717', 18071231321),
(17, '北京港深京联科技有限公司', '北京市海淀区中关村大街32号新中发B1260', 13057231032),
(18, '北京宏泰嘉远科技发展有限公司', '中国 北京 北京市丰台区 三环新城', 1308367970),
(19, '北京华飞时代科技有限公司', '北京海淀区安宁庄东路18号', 18880982983);

-- --------------------------------------------------------

--
-- 表的结构 `user`
--

CREATE TABLE `user` (
  `id` int(10) UNSIGNED NOT NULL,
  `username` varchar(50) NOT NULL,
  `password` varchar(32) NOT NULL,
  `authKey` varchar(100) NOT NULL DEFAULT '',
  `accessToken` varchar(100) NOT NULL DEFAULT ''
) ENGINE=InnoDB DEFAULT CHARSET=utf8;

--
-- 转存表中的数据 `user`
--

INSERT INTO `user` (`id`, `username`, `password`, `authKey`, `accessToken`) VALUES
(0, '王佳颉', '123', '1234', '1234'),
(1, '李志伟', '123', '123', '123'),
(2, '刘天龙', '123', '123', '123'),
(3, '刘帆', '123', '123', '123'),
(4, '许宏业', '123', '123', '123'),
(5, '石宇', '123', '123', '123'),
(6, '王錡波', '123', '123', '123'),
(7, '刘嘉欣', '123', '123', '123'),
(8, '郭冬爽', '123', '123', '123'),
(9, '许冲', '123', '123', '123');

-- --------------------------------------------------------

--
-- 表的结构 `warehouse`
--

CREATE TABLE `warehouse` (
  `warehouse_id` int(11) NOT NULL,
  `warehouse_name` varchar(50) DEFAULT NULL,
  `location` varchar(50) DEFAULT NULL,
  `max` int(11) DEFAULT NULL
) ENGINE=InnoDB DEFAULT CHARSET=utf8;

--
-- 转存表中的数据 `warehouse`
--

INSERT INTO `warehouse` (`warehouse_id`, `warehouse_name`, `location`, `max`) VALUES
(0, '一号仓库', '门口', 10000),
(1, '二号仓库', '进门左转', 20000),
(2, '三号仓库', '进门左转一直走', 10000);

-- --------------------------------------------------------

--
-- 表的结构 `warehouse_material`
--

CREATE TABLE `warehouse_material` (
  `material_id` int(11) NOT NULL,
  `warehouse_id` int(11) NOT NULL,
  `material_count` int(11) DEFAULT NULL
) ENGINE=InnoDB DEFAULT CHARSET=utf8;

--
-- 转存表中的数据 `warehouse_material`
--

INSERT INTO `warehouse_material` (`material_id`, `warehouse_id`, `material_count`) VALUES
(0, 1, 861),
(1, 0, 790),
(2, 0, 1940),
(3, 1, 6944),
(4, 2, 3252),
(5, 1, 3346),
(6, 0, 2540),
(7, 0, 1890),
(8, 2, 1760),
(9, 2, 1892),
(10, 1, 1980),
(11, 0, 5000),
(12, 0, 1940),
(13, 1, 3000),
(14, 2, 4790),
(15, 2, 3000),
(16, 2, 1851),
(17, 1, 980),
(18, 0, 800),
(19, 1, 8000),
(20, 0, 2000),
(21, 1, 5000),
(22, 2, 7000),
(23, 1, 12000),
(24, 1, 1200),
(25, 0, 900),
(26, 0, 1600),
(27, 2, 1000),
(28, 2, 1500),
(29, 0, 950),
(30, 2, 1500),
(31, 2, 1000);

-- --------------------------------------------------------

--
-- 表的结构 `warehouse_product`
--

CREATE TABLE `warehouse_product` (
  `product_id` int(11) NOT NULL,
  `warehouse_id` int(11) NOT NULL,
  `product_count` int(11) DEFAULT NULL
) ENGINE=InnoDB DEFAULT CHARSET=utf8;

--
-- 转存表中的数据 `warehouse_product`
--

INSERT INTO `warehouse_product` (`product_id`, `warehouse_id`, `product_count`) VALUES
(0, 0, 3),
(1, 1, 18),
(2, 2, 170),
(3, 2, 26),
(4, 1, 36),
(5, 0, 180),
(6, 2, 100),
(7, 1, 67),
(8, 0, 31),
(9, 1, 45),
(10, 0, 200),
(11, 1, 30),
(12, 0, 20),
(13, 1, 50),
(14, 2, 182),
(15, 2, 19),
(16, 0, 72),
(17, 2, 85),
(18, 0, 56),
(19, 1, 70);

--
-- Indexes for dumped tables
--

--
-- Indexes for table `customer`
--
ALTER TABLE `customer`
  ADD PRIMARY KEY (`customer_id`);

--
-- Indexes for table `department`
--
ALTER TABLE `department`
  ADD PRIMARY KEY (`department_id`);

--
-- Indexes for table `employee`
--
ALTER TABLE `employee`
  ADD PRIMARY KEY (`employee_id`),
  ADD KEY `FK_department_employee` (`department_id`),
  ADD KEY `FK_employee_warehouse` (`warehouse_id`);

--
-- Indexes for table `material`
--
ALTER TABLE `material`
  ADD PRIMARY KEY (`material_id`),
  ADD KEY `FK_material_belongto` (`material_category_id`);

--
-- Indexes for table `material_category`
--
ALTER TABLE `material_category`
  ADD PRIMARY KEY (`material_category_id`);

--
-- Indexes for table `material_category_key`
--
ALTER TABLE `material_category_key`
  ADD PRIMARY KEY (`material_category_id`);

--
-- Indexes for table `material_supplier`
--
ALTER TABLE `material_supplier`
  ADD PRIMARY KEY (`supplier_id`,`material_id`),
  ADD KEY `FK_material_supplier2` (`material_id`);

--
-- Indexes for table `material_warehouse_in`
--
ALTER TABLE `material_warehouse_in`
  ADD PRIMARY KEY (`warehouse_id`,`material_id`,`material_in_orderid`),
  ADD KEY `FK_Relationship_42` (`material_id`),
  ADD KEY `FK_material_in_order_has` (`material_in_orderid`);

--
-- Indexes for table `material_warehouse_in_order`
--
ALTER TABLE `material_warehouse_in_order`
  ADD PRIMARY KEY (`material_in_orderid`),
  ADD KEY `FK_Relationship_41` (`employee_id`);

--
-- Indexes for table `material_warehouse_out`
--
ALTER TABLE `material_warehouse_out`
  ADD PRIMARY KEY (`material_out_orderid`,`warehouse_id`,`material_id`),
  ADD KEY `FK_Relationship_34` (`warehouse_id`),
  ADD KEY `FK_Relationship_37` (`material_id`);

--
-- Indexes for table `material_warehouse_out_order`
--
ALTER TABLE `material_warehouse_out_order`
  ADD PRIMARY KEY (`material_out_orderid`),
  ADD KEY `FK_Relationship_36` (`employee_id`),
  ADD KEY `FK_Relationship_44` (`process_id`);

--
-- Indexes for table `orderlist`
--
ALTER TABLE `orderlist`
  ADD PRIMARY KEY (`order_id`),
  ADD KEY `FK_customer_order` (`customer_id`);

--
-- Indexes for table `order_product`
--
ALTER TABLE `order_product`
  ADD PRIMARY KEY (`order_id`,`product_id`),
  ADD KEY `FK_order_product2` (`product_id`);

--
-- Indexes for table `process`
--
ALTER TABLE `process`
  ADD PRIMARY KEY (`process_id`),
  ADD KEY `product_id` (`product_id`);

--
-- Indexes for table `process_getorder`
--
ALTER TABLE `process_getorder`
  ADD PRIMARY KEY (`process_getorderid`),
  ADD KEY `FK_Relationship_45` (`process_id`);

--
-- Indexes for table `process_getorder_detail`
--
ALTER TABLE `process_getorder_detail`
  ADD PRIMARY KEY (`process_getorderid`,`material_id`),
  ADD KEY `FK_Relationship_47` (`material_id`);

--
-- Indexes for table `product`
--
ALTER TABLE `product`
  ADD PRIMARY KEY (`product_id`),
  ADD KEY `FK_product_belongto` (`product_category_id`);

--
-- Indexes for table `product_category`
--
ALTER TABLE `product_category`
  ADD PRIMARY KEY (`product_category_id`);

--
-- Indexes for table `product_category_key`
--
ALTER TABLE `product_category_key`
  ADD PRIMARY KEY (`product_category_id`),
  ADD KEY `FK_product_category_key2` (`pro_product_category_id`);

--
-- Indexes for table `product_material`
--
ALTER TABLE `product_material`
  ADD PRIMARY KEY (`product_id`,`material_id`),
  ADD KEY `FK_product_material2` (`material_id`);

--
-- Indexes for table `product_process`
--
ALTER TABLE `product_process`
  ADD PRIMARY KEY (`product_id`,`process_id`),
  ADD KEY `FK_product_process2` (`process_id`);

--
-- Indexes for table `product_warehouse_in`
--
ALTER TABLE `product_warehouse_in`
  ADD PRIMARY KEY (`product_id`,`product_in_orderid`,`warehouse_id`),
  ADD KEY `FK_Relationship_32` (`warehouse_id`),
  ADD KEY `FK_product_in_order_has` (`product_in_orderid`);

--
-- Indexes for table `product_warehouse_in_order`
--
ALTER TABLE `product_warehouse_in_order`
  ADD PRIMARY KEY (`product_in_orderid`),
  ADD KEY `FK_Relationship_29` (`employee_id`);

--
-- Indexes for table `product_warehouse_out`
--
ALTER TABLE `product_warehouse_out`
  ADD PRIMARY KEY (`product_id`,`warehouse_id`,`product_out_orderid`),
  ADD KEY `FK_Relationship_26` (`warehouse_id`),
  ADD KEY `FK_product_out_order_has` (`product_out_orderid`);

--
-- Indexes for table `product_warehouse_out_order`
--
ALTER TABLE `product_warehouse_out_order`
  ADD PRIMARY KEY (`product_out_orderid`),
  ADD KEY `FK_Relationship_28` (`employee_id`);

--
-- Indexes for table `purchase_order`
--
ALTER TABLE `purchase_order`
  ADD PRIMARY KEY (`purchase_order_id`),
  ADD KEY `FK_employee_purchase` (`employee_id`);

--
-- Indexes for table `purchase_order_detail`
--
ALTER TABLE `purchase_order_detail`
  ADD PRIMARY KEY (`supplier_id`,`material_id`,`purchase_order_id`),
  ADD KEY `FK_purchase_material` (`material_id`),
  ADD KEY `FK_purchase_order_has` (`purchase_order_id`);

--
-- Indexes for table `supplier`
--
ALTER TABLE `supplier`
  ADD PRIMARY KEY (`supplier_id`);

--
-- Indexes for table `user`
--
ALTER TABLE `user`
  ADD PRIMARY KEY (`id`);

--
-- Indexes for table `warehouse`
--
ALTER TABLE `warehouse`
  ADD PRIMARY KEY (`warehouse_id`);

--
-- Indexes for table `warehouse_material`
--
ALTER TABLE `warehouse_material`
  ADD PRIMARY KEY (`material_id`,`warehouse_id`),
  ADD KEY `FK_Relationship_48` (`warehouse_id`);

--
-- Indexes for table `warehouse_product`
--
ALTER TABLE `warehouse_product`
  ADD PRIMARY KEY (`product_id`,`warehouse_id`),
  ADD KEY `FK_Relationship_50` (`warehouse_id`);

--
-- 在导出的表使用AUTO_INCREMENT
--

--
-- 使用表AUTO_INCREMENT `material`
--
ALTER TABLE `material`
  MODIFY `material_id` int(11) NOT NULL AUTO_INCREMENT, AUTO_INCREMENT=35;
--
-- 使用表AUTO_INCREMENT `material_category`
--
ALTER TABLE `material_category`
  MODIFY `material_category_id` int(11) NOT NULL AUTO_INCREMENT, AUTO_INCREMENT=35;
--
-- 使用表AUTO_INCREMENT `material_warehouse_in_order`
--
ALTER TABLE `material_warehouse_in_order`
  MODIFY `material_in_orderid` int(11) NOT NULL AUTO_INCREMENT, AUTO_INCREMENT=55;
--
-- 使用表AUTO_INCREMENT `material_warehouse_out_order`
--
ALTER TABLE `material_warehouse_out_order`
  MODIFY `material_out_orderid` int(11) NOT NULL AUTO_INCREMENT, AUTO_INCREMENT=270;
--
-- 使用表AUTO_INCREMENT `orderlist`
--
ALTER TABLE `orderlist`
  MODIFY `order_id` int(11) NOT NULL AUTO_INCREMENT, AUTO_INCREMENT=44;
--
-- 使用表AUTO_INCREMENT `process_getorder`
--
ALTER TABLE `process_getorder`
  MODIFY `process_getorderid` int(11) NOT NULL AUTO_INCREMENT, AUTO_INCREMENT=141;
--
-- 使用表AUTO_INCREMENT `product`
--
ALTER TABLE `product`
  MODIFY `product_id` int(11) NOT NULL AUTO_INCREMENT, AUTO_INCREMENT=56;
--
-- 使用表AUTO_INCREMENT `product_category`
--
ALTER TABLE `product_category`
  MODIFY `product_category_id` int(11) NOT NULL AUTO_INCREMENT, AUTO_INCREMENT=7;
--
-- 使用表AUTO_INCREMENT `product_warehouse_in_order`
--
ALTER TABLE `product_warehouse_in_order`
  MODIFY `product_in_orderid` int(11) NOT NULL AUTO_INCREMENT, AUTO_INCREMENT=26;
--
-- 使用表AUTO_INCREMENT `product_warehouse_out_order`
--
ALTER TABLE `product_warehouse_out_order`
  MODIFY `product_out_orderid` int(11) NOT NULL AUTO_INCREMENT, AUTO_INCREMENT=62;
--
-- 使用表AUTO_INCREMENT `purchase_order`
--
ALTER TABLE `purchase_order`
  MODIFY `purchase_order_id` int(11) NOT NULL AUTO_INCREMENT, AUTO_INCREMENT=20;
--
-- 使用表AUTO_INCREMENT `user`
--
ALTER TABLE `user`
  MODIFY `id` int(10) UNSIGNED NOT NULL AUTO_INCREMENT, AUTO_INCREMENT=10;
--
-- 限制导出的表
--

--
-- 限制表 `employee`
--
ALTER TABLE `employee`
  ADD CONSTRAINT `FK_department_employee` FOREIGN KEY (`department_id`) REFERENCES `department` (`department_id`),
  ADD CONSTRAINT `FK_employee_warehouse` FOREIGN KEY (`warehouse_id`) REFERENCES `warehouse` (`warehouse_id`);

--
-- 限制表 `material`
--
ALTER TABLE `material`
  ADD CONSTRAINT `FK_material_belongto` FOREIGN KEY (`material_category_id`) REFERENCES `material_category` (`material_category_id`);

--
-- 限制表 `material_supplier`
--
ALTER TABLE `material_supplier`
  ADD CONSTRAINT `FK_material_supplier` FOREIGN KEY (`supplier_id`) REFERENCES `supplier` (`supplier_id`),
  ADD CONSTRAINT `FK_material_supplier2` FOREIGN KEY (`material_id`) REFERENCES `material` (`material_id`);

--
-- 限制表 `material_warehouse_in`
--
ALTER TABLE `material_warehouse_in`
  ADD CONSTRAINT `FK_Relationship_39` FOREIGN KEY (`warehouse_id`) REFERENCES `warehouse` (`warehouse_id`),
  ADD CONSTRAINT `FK_Relationship_42` FOREIGN KEY (`material_id`) REFERENCES `material` (`material_id`),
  ADD CONSTRAINT `FK_material_in_order_has` FOREIGN KEY (`material_in_orderid`) REFERENCES `material_warehouse_in_order` (`material_in_orderid`);

--
-- 限制表 `material_warehouse_in_order`
--
ALTER TABLE `material_warehouse_in_order`
  ADD CONSTRAINT `FK_Relationship_41` FOREIGN KEY (`employee_id`) REFERENCES `employee` (`employee_id`);

--
-- 限制表 `material_warehouse_out`
--
ALTER TABLE `material_warehouse_out`
  ADD CONSTRAINT `FK_Relationship_23` FOREIGN KEY (`material_out_orderid`) REFERENCES `material_warehouse_out_order` (`material_out_orderid`),
  ADD CONSTRAINT `FK_Relationship_34` FOREIGN KEY (`warehouse_id`) REFERENCES `warehouse` (`warehouse_id`),
  ADD CONSTRAINT `FK_Relationship_37` FOREIGN KEY (`material_id`) REFERENCES `material` (`material_id`);

--
-- 限制表 `material_warehouse_out_order`
--
ALTER TABLE `material_warehouse_out_order`
  ADD CONSTRAINT `FK_Relationship_36` FOREIGN KEY (`employee_id`) REFERENCES `employee` (`employee_id`),
  ADD CONSTRAINT `process_get_outorderid` FOREIGN KEY (`process_id`) REFERENCES `process` (`process_id`);

--
-- 限制表 `orderlist`
--
ALTER TABLE `orderlist`
  ADD CONSTRAINT `FK_customer_order` FOREIGN KEY (`customer_id`) REFERENCES `customer` (`customer_id`);

--
-- 限制表 `order_product`
--
ALTER TABLE `order_product`
  ADD CONSTRAINT `FK_order_product` FOREIGN KEY (`order_id`) REFERENCES `orderlist` (`order_id`),
  ADD CONSTRAINT `FK_order_product2` FOREIGN KEY (`product_id`) REFERENCES `product` (`product_id`);

--
-- 限制表 `process`
--
ALTER TABLE `process`
  ADD CONSTRAINT `product_id` FOREIGN KEY (`product_id`) REFERENCES `product` (`product_id`);

--
-- 限制表 `process_getorder`
--
ALTER TABLE `process_getorder`
  ADD CONSTRAINT `FK_Relationship_45` FOREIGN KEY (`process_id`) REFERENCES `process` (`process_id`);

--
-- 限制表 `process_getorder_detail`
--
ALTER TABLE `process_getorder_detail`
  ADD CONSTRAINT `FK_Relationship_46` FOREIGN KEY (`process_getorderid`) REFERENCES `process_getorder` (`process_getorderid`),
  ADD CONSTRAINT `FK_Relationship_47` FOREIGN KEY (`material_id`) REFERENCES `material` (`material_id`);

--
-- 限制表 `product`
--
ALTER TABLE `product`
  ADD CONSTRAINT `FK_product_belongto` FOREIGN KEY (`product_category_id`) REFERENCES `product_category` (`product_category_id`);

--
-- 限制表 `product_category_key`
--
ALTER TABLE `product_category_key`
  ADD CONSTRAINT `FK_product_category_key` FOREIGN KEY (`product_category_id`) REFERENCES `product_category` (`product_category_id`),
  ADD CONSTRAINT `FK_product_category_key2` FOREIGN KEY (`pro_product_category_id`) REFERENCES `product_category` (`product_category_id`);

--
-- 限制表 `product_material`
--
ALTER TABLE `product_material`
  ADD CONSTRAINT `FK_product_material` FOREIGN KEY (`product_id`) REFERENCES `product` (`product_id`),
  ADD CONSTRAINT `FK_product_material2` FOREIGN KEY (`material_id`) REFERENCES `material` (`material_id`);

--
-- 限制表 `product_process`
--
ALTER TABLE `product_process`
  ADD CONSTRAINT `FK_product_process` FOREIGN KEY (`product_id`) REFERENCES `product` (`product_id`),
  ADD CONSTRAINT `FK_product_process2` FOREIGN KEY (`process_id`) REFERENCES `process` (`process_id`);

--
-- 限制表 `product_warehouse_in`
--
ALTER TABLE `product_warehouse_in`
  ADD CONSTRAINT `FK_Relationship_30` FOREIGN KEY (`product_id`) REFERENCES `product` (`product_id`),
  ADD CONSTRAINT `FK_Relationship_32` FOREIGN KEY (`warehouse_id`) REFERENCES `warehouse` (`warehouse_id`),
  ADD CONSTRAINT `FK_product_in_order_has` FOREIGN KEY (`product_in_orderid`) REFERENCES `product_warehouse_in_order` (`product_in_orderid`);

--
-- 限制表 `product_warehouse_in_order`
--
ALTER TABLE `product_warehouse_in_order`
  ADD CONSTRAINT `FK_Relationship_29` FOREIGN KEY (`employee_id`) REFERENCES `employee` (`employee_id`);

--
-- 限制表 `product_warehouse_out`
--
ALTER TABLE `product_warehouse_out`
  ADD CONSTRAINT `FK_Relationship_25` FOREIGN KEY (`product_id`) REFERENCES `product` (`product_id`),
  ADD CONSTRAINT `FK_Relationship_26` FOREIGN KEY (`warehouse_id`) REFERENCES `warehouse` (`warehouse_id`),
  ADD CONSTRAINT `FK_product_out_order_has` FOREIGN KEY (`product_out_orderid`) REFERENCES `product_warehouse_out_order` (`product_out_orderid`);

--
-- 限制表 `product_warehouse_out_order`
--
ALTER TABLE `product_warehouse_out_order`
  ADD CONSTRAINT `FK_Relationship_28` FOREIGN KEY (`employee_id`) REFERENCES `employee` (`employee_id`);

--
-- 限制表 `purchase_order`
--
ALTER TABLE `purchase_order`
  ADD CONSTRAINT `FK_employee_purchase` FOREIGN KEY (`employee_id`) REFERENCES `employee` (`employee_id`);

--
-- 限制表 `purchase_order_detail`
--
ALTER TABLE `purchase_order_detail`
  ADD CONSTRAINT `FK_Relationship_22` FOREIGN KEY (`supplier_id`) REFERENCES `supplier` (`supplier_id`),
  ADD CONSTRAINT `FK_purchase_material` FOREIGN KEY (`material_id`) REFERENCES `material` (`material_id`),
  ADD CONSTRAINT `FK_purchase_order_has` FOREIGN KEY (`purchase_order_id`) REFERENCES `purchase_order` (`purchase_order_id`);

--
-- 限制表 `warehouse_material`
--
ALTER TABLE `warehouse_material`
  ADD CONSTRAINT `FK_Relationship_48` FOREIGN KEY (`warehouse_id`) REFERENCES `warehouse` (`warehouse_id`),
  ADD CONSTRAINT `FK_Relationship_49` FOREIGN KEY (`material_id`) REFERENCES `material` (`material_id`);

--
-- 限制表 `warehouse_product`
--
ALTER TABLE `warehouse_product`
  ADD CONSTRAINT `FK_Relationship_50` FOREIGN KEY (`warehouse_id`) REFERENCES `warehouse` (`warehouse_id`),
  ADD CONSTRAINT `FK_Relationship_51` FOREIGN KEY (`product_id`) REFERENCES `product` (`product_id`);

/*!40101 SET CHARACTER_SET_CLIENT=@OLD_CHARACTER_SET_CLIENT */;
/*!40101 SET CHARACTER_SET_RESULTS=@OLD_CHARACTER_SET_RESULTS */;
/*!40101 SET COLLATION_CONNECTION=@OLD_COLLATION_CONNECTION */;
